{"high_risk": 0.0149485860858799, "review": 0.04899589188213478}